ball,Commentary Text,innings,match_no,team_a,team_b,team_a_11,team_b_11,team_a_subs,team_b_subs,series,season,venue,date,toss,winner,player_of_the_match,toss_winner,toss_choosen
4.6," Thomas to Navdeep Saini, byes, 1 run, they will run through for a bye. Poor end to the innings for RCB. Again, Thomas beats the batsman for pace as Saini fails to make any connection. They will sneak in a bye ",1st Inns,49t,Royal Challengers Bangalore,Rajasthan Royals,"Royal Challengers Bangalore (Playing XI): Parthiv Patel(w), Virat Kohli(c), AB de Villiers, Heinrich Klaasen, Gurkeerat Singh Mann, Marcus Stoinis, Pawan Negi, Umesh Yadav, Navdeep Saini, Kulwant Khejroliya, Yuzvendra Chahal","Rajasthan Royals (Playing XI): Ajinkya Rahane, Liam Livingstone, Sanju Samson(w), Steven Smith(c), Riyan Parag, Stuart Binny, Mahipal Lomror, Shreyas Gopal, Jaydev Unadkat, Varun Aaron, Oshane Thomas",,,IPL,2019,"M.Chinnaswamy Stadium,Bengaluru","Apr 30,2019",Rajasthan Royals have won the toss and have opted to field,No result,,RR,field
4.5," Thomas to Negi, out Caught by Samson!! No escape for Negi this time. Thomas picks up his second wicket. Short of a length delivery outside off, Negi slashes his willow and gets an outside edge which is gobbled up by Samson. Negi c Samson b Thomas 4(3) [4s-1] ",1st Inns,49t,Royal Challengers Bangalore,Rajasthan Royals,"Royal Challengers Bangalore (Playing XI): Parthiv Patel(w), Virat Kohli(c), AB de Villiers, Heinrich Klaasen, Gurkeerat Singh Mann, Marcus Stoinis, Pawan Negi, Umesh Yadav, Navdeep Saini, Kulwant Khejroliya, Yuzvendra Chahal","Rajasthan Royals (Playing XI): Ajinkya Rahane, Liam Livingstone, Sanju Samson(w), Steven Smith(c), Riyan Parag, Stuart Binny, Mahipal Lomror, Shreyas Gopal, Jaydev Unadkat, Varun Aaron, Oshane Thomas",,,IPL,2019,"M.Chinnaswamy Stadium,Bengaluru","Apr 30,2019",Rajasthan Royals have won the toss and have opted to field,No result,,RR,field
4.4," Thomas to Negi, FOUR, edged and four! Handy boundary for Negi and RCB. Thomas bombarded it short, hustles Negi for pace as he hooks. Top-edge is found and it sails over Samson ",1st Inns,49t,Royal Challengers Bangalore,Rajasthan Royals,"Royal Challengers Bangalore (Playing XI): Parthiv Patel(w), Virat Kohli(c), AB de Villiers, Heinrich Klaasen, Gurkeerat Singh Mann, Marcus Stoinis, Pawan Negi, Umesh Yadav, Navdeep Saini, Kulwant Khejroliya, Yuzvendra Chahal","Rajasthan Royals (Playing XI): Ajinkya Rahane, Liam Livingstone, Sanju Samson(w), Steven Smith(c), Riyan Parag, Stuart Binny, Mahipal Lomror, Shreyas Gopal, Jaydev Unadkat, Varun Aaron, Oshane Thomas",,,IPL,2019,"M.Chinnaswamy Stadium,Bengaluru","Apr 30,2019",Rajasthan Royals have won the toss and have opted to field,No result,,RR,field
4.3," Thomas to Klaasen, out Caught by Livingstone!! Klaasen perishes. Fast, fiery and full outside off, Klaasen was beaten for the pace as he loses his shape attempting an across-the-line mow. Slices it off the outer half and it balloons towards sweeper cover where Livingstone grabs it with ease. Klaasen c Livingstone b Thomas 6(7) ",1st Inns,49t,Royal Challengers Bangalore,Rajasthan Royals,"Royal Challengers Bangalore (Playing XI): Parthiv Patel(w), Virat Kohli(c), AB de Villiers, Heinrich Klaasen, Gurkeerat Singh Mann, Marcus Stoinis, Pawan Negi, Umesh Yadav, Navdeep Saini, Kulwant Khejroliya, Yuzvendra Chahal","Rajasthan Royals (Playing XI): Ajinkya Rahane, Liam Livingstone, Sanju Samson(w), Steven Smith(c), Riyan Parag, Stuart Binny, Mahipal Lomror, Shreyas Gopal, Jaydev Unadkat, Varun Aaron, Oshane Thomas",,,IPL,2019,"M.Chinnaswamy Stadium,Bengaluru","Apr 30,2019",Rajasthan Royals have won the toss and have opted to field,No result,,RR,field
4.2," Thomas to Negi, byes, 1 run, goes wider and angles it away from the batsman. Negi flashes and misses. Klaasen calls him through for a bye ",1st Inns,49t,Royal Challengers Bangalore,Rajasthan Royals,"Royal Challengers Bangalore (Playing XI): Parthiv Patel(w), Virat Kohli(c), AB de Villiers, Heinrich Klaasen, Gurkeerat Singh Mann, Marcus Stoinis, Pawan Negi, Umesh Yadav, Navdeep Saini, Kulwant Khejroliya, Yuzvendra Chahal","Rajasthan Royals (Playing XI): Ajinkya Rahane, Liam Livingstone, Sanju Samson(w), Steven Smith(c), Riyan Parag, Stuart Binny, Mahipal Lomror, Shreyas Gopal, Jaydev Unadkat, Varun Aaron, Oshane Thomas",,,IPL,2019,"M.Chinnaswamy Stadium,Bengaluru","Apr 30,2019",Rajasthan Royals have won the toss and have opted to field,No result,,RR,field
4.1," Thomas to Klaasen, 1 run, Klaasen can't take much toll of the free-hit. Pitched fuller, Klaasen muscles it to long-on ",1st Inns,49t,Royal Challengers Bangalore,Rajasthan Royals,"Royal Challengers Bangalore (Playing XI): Parthiv Patel(w), Virat Kohli(c), AB de Villiers, Heinrich Klaasen, Gurkeerat Singh Mann, Marcus Stoinis, Pawan Negi, Umesh Yadav, Navdeep Saini, Kulwant Khejroliya, Yuzvendra Chahal","Rajasthan Royals (Playing XI): Ajinkya Rahane, Liam Livingstone, Sanju Samson(w), Steven Smith(c), Riyan Parag, Stuart Binny, Mahipal Lomror, Shreyas Gopal, Jaydev Unadkat, Varun Aaron, Oshane Thomas",,,IPL,2019,"M.Chinnaswamy Stadium,Bengaluru","Apr 30,2019",Rajasthan Royals have won the toss and have opted to field,No result,,RR,field
4.1," Thomas to Klaasen, no ball, a blip from Thomas. He's overstepped and it's free-hit time. Good length delivery which wobbled away just outside off, Klaasen swung at it blindly and couldn't connect ",1st Inns,49t,Royal Challengers Bangalore,Rajasthan Royals,"Royal Challengers Bangalore (Playing XI): Parthiv Patel(w), Virat Kohli(c), AB de Villiers, Heinrich Klaasen, Gurkeerat Singh Mann, Marcus Stoinis, Pawan Negi, Umesh Yadav, Navdeep Saini, Kulwant Khejroliya, Yuzvendra Chahal","Rajasthan Royals (Playing XI): Ajinkya Rahane, Liam Livingstone, Sanju Samson(w), Steven Smith(c), Riyan Parag, Stuart Binny, Mahipal Lomror, Shreyas Gopal, Jaydev Unadkat, Varun Aaron, Oshane Thomas",,,IPL,2019,"M.Chinnaswamy Stadium,Bengaluru","Apr 30,2019",Rajasthan Royals have won the toss and have opted to field,No result,,RR,field
3.6," Unadkat to Parthiv Patel, out Caught by Thomas!! Another soft dismissal and another instance of an RCB batsman throwing his wicket away. Patel tried to be cheeky and walked across his stumps to lap it over the fielder at 45. But unfortunately, he ended up hitting it straight to Thomas, who accepts it with glee. PP can't believe it, couldn't have placed it any better. Parthiv Patel c Thomas b Unadkat 8(5) [4s-1] ",1st Inns,49t,Royal Challengers Bangalore,Rajasthan Royals,"Royal Challengers Bangalore (Playing XI): Parthiv Patel(w), Virat Kohli(c), AB de Villiers, Heinrich Klaasen, Gurkeerat Singh Mann, Marcus Stoinis, Pawan Negi, Umesh Yadav, Navdeep Saini, Kulwant Khejroliya, Yuzvendra Chahal","Rajasthan Royals (Playing XI): Ajinkya Rahane, Liam Livingstone, Sanju Samson(w), Steven Smith(c), Riyan Parag, Stuart Binny, Mahipal Lomror, Shreyas Gopal, Jaydev Unadkat, Varun Aaron, Oshane Thomas",,,IPL,2019,"M.Chinnaswamy Stadium,Bengaluru","Apr 30,2019",Rajasthan Royals have won the toss and have opted to field,No result,,RR,field
3.5," Unadkat to Parthiv Patel, no run, swing and a miss from Patel. Off-paced delivery, Patel was early into the hoick and meets only thin air as he gets befuddled by the lack of pace on the delivery ",1st Inns,49t,Royal Challengers Bangalore,Rajasthan Royals,"Royal Challengers Bangalore (Playing XI): Parthiv Patel(w), Virat Kohli(c), AB de Villiers, Heinrich Klaasen, Gurkeerat Singh Mann, Marcus Stoinis, Pawan Negi, Umesh Yadav, Navdeep Saini, Kulwant Khejroliya, Yuzvendra Chahal","Rajasthan Royals (Playing XI): Ajinkya Rahane, Liam Livingstone, Sanju Samson(w), Steven Smith(c), Riyan Parag, Stuart Binny, Mahipal Lomror, Shreyas Gopal, Jaydev Unadkat, Varun Aaron, Oshane Thomas",,,IPL,2019,"M.Chinnaswamy Stadium,Bengaluru","Apr 30,2019",Rajasthan Royals have won the toss and have opted to field,No result,,RR,field
3.4," Unadkat to Parthiv Patel, 2 runs, Royals have been fabulous in the field today. Rahane saves a couple of runs for his team now. Back of a length outside off, Patel flays it past point. Jinks from sweeper cover moves quickly, puts in the dive and makes a fine stop ",1st Inns,49t,Royal Challengers Bangalore,Rajasthan Royals,"Royal Challengers Bangalore (Playing XI): Parthiv Patel(w), Virat Kohli(c), AB de Villiers, Heinrich Klaasen, Gurkeerat Singh Mann, Marcus Stoinis, Pawan Negi, Umesh Yadav, Navdeep Saini, Kulwant Khejroliya, Yuzvendra Chahal","Rajasthan Royals (Playing XI): Ajinkya Rahane, Liam Livingstone, Sanju Samson(w), Steven Smith(c), Riyan Parag, Stuart Binny, Mahipal Lomror, Shreyas Gopal, Jaydev Unadkat, Varun Aaron, Oshane Thomas",,,IPL,2019,"M.Chinnaswamy Stadium,Bengaluru","Apr 30,2019",Rajasthan Royals have won the toss and have opted to field,No result,,RR,field
3.3," Unadkat to Parthiv Patel, 2 runs, pacy fuller length delivery from Unadkat, Patel moves across and whacks it down the ground. Lomror from long-on sprints across and keeps the pair down to a brace ",1st Inns,49t,Royal Challengers Bangalore,Rajasthan Royals,"Royal Challengers Bangalore (Playing XI): Parthiv Patel(w), Virat Kohli(c), AB de Villiers, Heinrich Klaasen, Gurkeerat Singh Mann, Marcus Stoinis, Pawan Negi, Umesh Yadav, Navdeep Saini, Kulwant Khejroliya, Yuzvendra Chahal","Rajasthan Royals (Playing XI): Ajinkya Rahane, Liam Livingstone, Sanju Samson(w), Steven Smith(c), Riyan Parag, Stuart Binny, Mahipal Lomror, Shreyas Gopal, Jaydev Unadkat, Varun Aaron, Oshane Thomas",,,IPL,2019,"M.Chinnaswamy Stadium,Bengaluru","Apr 30,2019",Rajasthan Royals have won the toss and have opted to field,No result,,RR,field
3.2," Unadkat to Parthiv Patel, FOUR, he's been pushed down the order but Patel is off and running. Slower delivery from Unadkat, reared up a touch and Patel was through the pull early. Fat top-edge loops over short fine leg and trickles away to the boundary ",1st Inns,49t,Royal Challengers Bangalore,Rajasthan Royals,"Royal Challengers Bangalore (Playing XI): Parthiv Patel(w), Virat Kohli(c), AB de Villiers, Heinrich Klaasen, Gurkeerat Singh Mann, Marcus Stoinis, Pawan Negi, Umesh Yadav, Navdeep Saini, Kulwant Khejroliya, Yuzvendra Chahal","Rajasthan Royals (Playing XI): Ajinkya Rahane, Liam Livingstone, Sanju Samson(w), Steven Smith(c), Riyan Parag, Stuart Binny, Mahipal Lomror, Shreyas Gopal, Jaydev Unadkat, Varun Aaron, Oshane Thomas",,,IPL,2019,"M.Chinnaswamy Stadium,Bengaluru","Apr 30,2019",Rajasthan Royals have won the toss and have opted to field,No result,,RR,field
3.1," Unadkat to Klaasen, 1 run, cutter from Unadkat on a short of length, Klaasen waits and drops it softly towards long-on ",1st Inns,49t,Royal Challengers Bangalore,Rajasthan Royals,"Royal Challengers Bangalore (Playing XI): Parthiv Patel(w), Virat Kohli(c), AB de Villiers, Heinrich Klaasen, Gurkeerat Singh Mann, Marcus Stoinis, Pawan Negi, Umesh Yadav, Navdeep Saini, Kulwant Khejroliya, Yuzvendra Chahal","Rajasthan Royals (Playing XI): Ajinkya Rahane, Liam Livingstone, Sanju Samson(w), Steven Smith(c), Riyan Parag, Stuart Binny, Mahipal Lomror, Shreyas Gopal, Jaydev Unadkat, Varun Aaron, Oshane Thomas",,,IPL,2019,"M.Chinnaswamy Stadium,Bengaluru","Apr 30,2019",Rajasthan Royals have won the toss and have opted to field,No result,,RR,field
2.6," Riyan Parag to Klaasen, 1 run, straighter from Parag, Klaasen knocks it down to long-on ",1st Inns,49t,Royal Challengers Bangalore,Rajasthan Royals,"Royal Challengers Bangalore (Playing XI): Parthiv Patel(w), Virat Kohli(c), AB de Villiers, Heinrich Klaasen, Gurkeerat Singh Mann, Marcus Stoinis, Pawan Negi, Umesh Yadav, Navdeep Saini, Kulwant Khejroliya, Yuzvendra Chahal","Rajasthan Royals (Playing XI): Ajinkya Rahane, Liam Livingstone, Sanju Samson(w), Steven Smith(c), Riyan Parag, Stuart Binny, Mahipal Lomror, Shreyas Gopal, Jaydev Unadkat, Varun Aaron, Oshane Thomas",,,IPL,2019,"M.Chinnaswamy Stadium,Bengaluru","Apr 30,2019",Rajasthan Royals have won the toss and have opted to field,No result,,RR,field
2.5," Riyan Parag to Gurkeerat Singh, out Caught by Lomror!! The procession continues. Parag joins the party as he removes Mann. Also, breaks into a jig. RCB have lost the plot completely. Drifted quicker on middle and leg, Mann heaves it across the line and miscues it totally. Only succeeds in finding the fielder at deep mid-wicket. Gurkeerat Singh c Lomror b Riyan Parag 6(3) [4s-1] ",1st Inns,49t,Royal Challengers Bangalore,Rajasthan Royals,"Royal Challengers Bangalore (Playing XI): Parthiv Patel(w), Virat Kohli(c), AB de Villiers, Heinrich Klaasen, Gurkeerat Singh Mann, Marcus Stoinis, Pawan Negi, Umesh Yadav, Navdeep Saini, Kulwant Khejroliya, Yuzvendra Chahal","Rajasthan Royals (Playing XI): Ajinkya Rahane, Liam Livingstone, Sanju Samson(w), Steven Smith(c), Riyan Parag, Stuart Binny, Mahipal Lomror, Shreyas Gopal, Jaydev Unadkat, Varun Aaron, Oshane Thomas",,,IPL,2019,"M.Chinnaswamy Stadium,Bengaluru","Apr 30,2019",Rajasthan Royals have won the toss and have opted to field,No result,,RR,field
2.4," Riyan Parag to Gurkeerat Singh, FOUR, what happened there? Pushed through flatter down leg, Mann sinks low and is a bit early into the shot. Gets a top-edge which balloons away to the fine leg fence ",1st Inns,49t,Royal Challengers Bangalore,Rajasthan Royals,"Royal Challengers Bangalore (Playing XI): Parthiv Patel(w), Virat Kohli(c), AB de Villiers, Heinrich Klaasen, Gurkeerat Singh Mann, Marcus Stoinis, Pawan Negi, Umesh Yadav, Navdeep Saini, Kulwant Khejroliya, Yuzvendra Chahal","Rajasthan Royals (Playing XI): Ajinkya Rahane, Liam Livingstone, Sanju Samson(w), Steven Smith(c), Riyan Parag, Stuart Binny, Mahipal Lomror, Shreyas Gopal, Jaydev Unadkat, Varun Aaron, Oshane Thomas",,,IPL,2019,"M.Chinnaswamy Stadium,Bengaluru","Apr 30,2019",Rajasthan Royals have won the toss and have opted to field,No result,,RR,field
2.3," Riyan Parag to Gurkeerat Singh, 2 runs, darted on leg, nurdled away behind square and Mann collects a brace ",1st Inns,49t,Royal Challengers Bangalore,Rajasthan Royals,"Royal Challengers Bangalore (Playing XI): Parthiv Patel(w), Virat Kohli(c), AB de Villiers, Heinrich Klaasen, Gurkeerat Singh Mann, Marcus Stoinis, Pawan Negi, Umesh Yadav, Navdeep Saini, Kulwant Khejroliya, Yuzvendra Chahal","Rajasthan Royals (Playing XI): Ajinkya Rahane, Liam Livingstone, Sanju Samson(w), Steven Smith(c), Riyan Parag, Stuart Binny, Mahipal Lomror, Shreyas Gopal, Jaydev Unadkat, Varun Aaron, Oshane Thomas",,,IPL,2019,"M.Chinnaswamy Stadium,Bengaluru","Apr 30,2019",Rajasthan Royals have won the toss and have opted to field,No result,,RR,field
2.2," Riyan Parag to Klaasen, 1 run, eases it down to long-on ",1st Inns,49t,Royal Challengers Bangalore,Rajasthan Royals,"Royal Challengers Bangalore (Playing XI): Parthiv Patel(w), Virat Kohli(c), AB de Villiers, Heinrich Klaasen, Gurkeerat Singh Mann, Marcus Stoinis, Pawan Negi, Umesh Yadav, Navdeep Saini, Kulwant Khejroliya, Yuzvendra Chahal","Rajasthan Royals (Playing XI): Ajinkya Rahane, Liam Livingstone, Sanju Samson(w), Steven Smith(c), Riyan Parag, Stuart Binny, Mahipal Lomror, Shreyas Gopal, Jaydev Unadkat, Varun Aaron, Oshane Thomas",,,IPL,2019,"M.Chinnaswamy Stadium,Bengaluru","Apr 30,2019",Rajasthan Royals have won the toss and have opted to field,No result,,RR,field
2.1,"Riyan Parag to Klaasen, 2 runs, quicker on leg, flicked away behind square for a brace",1st Inns,49t,Royal Challengers Bangalore,Rajasthan Royals,"Royal Challengers Bangalore (Playing XI): Parthiv Patel(w), Virat Kohli(c), AB de Villiers, Heinrich Klaasen, Gurkeerat Singh Mann, Marcus Stoinis, Pawan Negi, Umesh Yadav, Navdeep Saini, Kulwant Khejroliya, Yuzvendra Chahal","Rajasthan Royals (Playing XI): Ajinkya Rahane, Liam Livingstone, Sanju Samson(w), Steven Smith(c), Riyan Parag, Stuart Binny, Mahipal Lomror, Shreyas Gopal, Jaydev Unadkat, Varun Aaron, Oshane Thomas",,,IPL,2019,"M.Chinnaswamy Stadium,Bengaluru","Apr 30,2019",Rajasthan Royals have won the toss and have opted to field,No result,,RR,field
1.6,"Shreyas Gopal to Stoinis, out Caught by Smith!! He's done it. Hat-trick for Shreyas Gopal, take a bow. Look at him celebrate, totally deserves it. RR dugout is over the moon. RCB fans are stunned as they are quaking now. Loopy delivery outside off, Stoinis gets under it and bashes it airly. Finds Smith at mid-off. Gopal is off on a celebratary run. Stoinis c Smith b Shreyas Gopal 0(1)",1st Inns,49t,Royal Challengers Bangalore,Rajasthan Royals,"Royal Challengers Bangalore (Playing XI): Parthiv Patel(w), Virat Kohli(c), AB de Villiers, Heinrich Klaasen, Gurkeerat Singh Mann, Marcus Stoinis, Pawan Negi, Umesh Yadav, Navdeep Saini, Kulwant Khejroliya, Yuzvendra Chahal","Rajasthan Royals (Playing XI): Ajinkya Rahane, Liam Livingstone, Sanju Samson(w), Steven Smith(c), Riyan Parag, Stuart Binny, Mahipal Lomror, Shreyas Gopal, Jaydev Unadkat, Varun Aaron, Oshane Thomas",,,IPL,2019,"M.Chinnaswamy Stadium,Bengaluru","Apr 30,2019",Rajasthan Royals have won the toss and have opted to field,No result,,RR,field
1.5,"Shreyas Gopal to de Villiers, out Caught by Riyan Parag!! Wowza! It's two in two for Gopal. Pin-drop silence in the ground. Put your hands together for this young leggie. He's been a star for RR and continues to impress. Well-flighted delivery again, drawing de Villiers into a false shot. AB wielded his bat hard, loses his balance and shape completely. Skies it into the night sky as the timing goes for a toss. Riyan Parag at extra cover calls for it and settles under it. Big setback this for RCB. Gopal on a hat-trick now. de Villiers c Riyan Parag b Shreyas Gopal 10(4) [4s-2]",1st Inns,49t,Royal Challengers Bangalore,Rajasthan Royals,"Royal Challengers Bangalore (Playing XI): Parthiv Patel(w), Virat Kohli(c), AB de Villiers, Heinrich Klaasen, Gurkeerat Singh Mann, Marcus Stoinis, Pawan Negi, Umesh Yadav, Navdeep Saini, Kulwant Khejroliya, Yuzvendra Chahal","Rajasthan Royals (Playing XI): Ajinkya Rahane, Liam Livingstone, Sanju Samson(w), Steven Smith(c), Riyan Parag, Stuart Binny, Mahipal Lomror, Shreyas Gopal, Jaydev Unadkat, Varun Aaron, Oshane Thomas",,,IPL,2019,"M.Chinnaswamy Stadium,Bengaluru","Apr 30,2019",Rajasthan Royals have won the toss and have opted to field,No result,,RR,field
1.4," Shreyas Gopal to Kohli, out Caught by Livingstone!! The fun comes to an end for Kohli. Bunny alert! Gopal gets the prized scalp of the RCB skipper for the second time in the tournament. What a tournament he's having. Some relief for RR here. It was tossed up luringly at the stumps, Kohli flexes his arms and slogs it, didn't connect it as he would've liked and picks out Livingstone at long-on, who comfortably holds onto it. Kohli c Livingstone b Shreyas Gopal 25(7) [4s-1 6s-3] ",1st Inns,49t,Royal Challengers Bangalore,Rajasthan Royals,"Royal Challengers Bangalore (Playing XI): Parthiv Patel(w), Virat Kohli(c), AB de Villiers, Heinrich Klaasen, Gurkeerat Singh Mann, Marcus Stoinis, Pawan Negi, Umesh Yadav, Navdeep Saini, Kulwant Khejroliya, Yuzvendra Chahal","Rajasthan Royals (Playing XI): Ajinkya Rahane, Liam Livingstone, Sanju Samson(w), Steven Smith(c), Riyan Parag, Stuart Binny, Mahipal Lomror, Shreyas Gopal, Jaydev Unadkat, Varun Aaron, Oshane Thomas",,,IPL,2019,"M.Chinnaswamy Stadium,Bengaluru","Apr 30,2019",Rajasthan Royals have won the toss and have opted to field,No result,,RR,field
1.3," Shreyas Gopal to Kohli, 2 runs, seemed like the googly, Kohli waits and lifts it straight down the ground. Wonderful work by Livingstone as he runs across from long-on and makes a fine stop, saving a couple of runs for his team ",1st Inns,49t,Royal Challengers Bangalore,Rajasthan Royals,"Royal Challengers Bangalore (Playing XI): Parthiv Patel(w), Virat Kohli(c), AB de Villiers, Heinrich Klaasen, Gurkeerat Singh Mann, Marcus Stoinis, Pawan Negi, Umesh Yadav, Navdeep Saini, Kulwant Khejroliya, Yuzvendra Chahal","Rajasthan Royals (Playing XI): Ajinkya Rahane, Liam Livingstone, Sanju Samson(w), Steven Smith(c), Riyan Parag, Stuart Binny, Mahipal Lomror, Shreyas Gopal, Jaydev Unadkat, Varun Aaron, Oshane Thomas",,,IPL,2019,"M.Chinnaswamy Stadium,Bengaluru","Apr 30,2019",Rajasthan Royals have won the toss and have opted to field,No result,,RR,field
1.2," Shreyas Gopal to Kohli, FOUR, oh my word! He's hammered it past mid-off. What a hit. Gopal went quicker and fired it outside off, Kohli gets under it and drills it with ferocity down the ground ",1st Inns,49t,Royal Challengers Bangalore,Rajasthan Royals,"Royal Challengers Bangalore (Playing XI): Parthiv Patel(w), Virat Kohli(c), AB de Villiers, Heinrich Klaasen, Gurkeerat Singh Mann, Marcus Stoinis, Pawan Negi, Umesh Yadav, Navdeep Saini, Kulwant Khejroliya, Yuzvendra Chahal","Rajasthan Royals (Playing XI): Ajinkya Rahane, Liam Livingstone, Sanju Samson(w), Steven Smith(c), Riyan Parag, Stuart Binny, Mahipal Lomror, Shreyas Gopal, Jaydev Unadkat, Varun Aaron, Oshane Thomas",,,IPL,2019,"M.Chinnaswamy Stadium,Bengaluru","Apr 30,2019",Rajasthan Royals have won the toss and have opted to field,No result,,RR,field
1.1," Shreyas Gopal to Kohli, SIX, this is some statement from Kohli. RCB fans are going berserk in the stands. Flighted delivery from Gopal, Kohli stays low and pummels it over long-on. Welcome to the attack, Gopal.. ",1st Inns,49t,Royal Challengers Bangalore,Rajasthan Royals,"Royal Challengers Bangalore (Playing XI): Parthiv Patel(w), Virat Kohli(c), AB de Villiers, Heinrich Klaasen, Gurkeerat Singh Mann, Marcus Stoinis, Pawan Negi, Umesh Yadav, Navdeep Saini, Kulwant Khejroliya, Yuzvendra Chahal","Rajasthan Royals (Playing XI): Ajinkya Rahane, Liam Livingstone, Sanju Samson(w), Steven Smith(c), Riyan Parag, Stuart Binny, Mahipal Lomror, Shreyas Gopal, Jaydev Unadkat, Varun Aaron, Oshane Thomas",,,IPL,2019,"M.Chinnaswamy Stadium,Bengaluru","Apr 30,2019",Rajasthan Royals have won the toss and have opted to field,No result,,RR,field
0.6," Aaron to de Villiers, FOUR, one bounce and over the ropes. 23 have come off the opening over. Went fuller, aimed at the stumps and de Villiers made room. Cleared his front leg and blasts it over cow corner. The fielder in the deep gave up the chase.. ",1st Inns,49t,Royal Challengers Bangalore,Rajasthan Royals,"Royal Challengers Bangalore (Playing XI): Parthiv Patel(w), Virat Kohli(c), AB de Villiers, Heinrich Klaasen, Gurkeerat Singh Mann, Marcus Stoinis, Pawan Negi, Umesh Yadav, Navdeep Saini, Kulwant Khejroliya, Yuzvendra Chahal","Rajasthan Royals (Playing XI): Ajinkya Rahane, Liam Livingstone, Sanju Samson(w), Steven Smith(c), Riyan Parag, Stuart Binny, Mahipal Lomror, Shreyas Gopal, Jaydev Unadkat, Varun Aaron, Oshane Thomas",,,IPL,2019,"M.Chinnaswamy Stadium,Bengaluru","Apr 30,2019",Rajasthan Royals have won the toss and have opted to field,No result,,RR,field
0.5," Aaron to de Villiers, 2 runs, very full and tailed on middle, de Villiers whips it away through mid-wicket and picks up a couple of runs ",1st Inns,49t,Royal Challengers Bangalore,Rajasthan Royals,"Royal Challengers Bangalore (Playing XI): Parthiv Patel(w), Virat Kohli(c), AB de Villiers, Heinrich Klaasen, Gurkeerat Singh Mann, Marcus Stoinis, Pawan Negi, Umesh Yadav, Navdeep Saini, Kulwant Khejroliya, Yuzvendra Chahal","Rajasthan Royals (Playing XI): Ajinkya Rahane, Liam Livingstone, Sanju Samson(w), Steven Smith(c), Riyan Parag, Stuart Binny, Mahipal Lomror, Shreyas Gopal, Jaydev Unadkat, Varun Aaron, Oshane Thomas",,,IPL,2019,"M.Chinnaswamy Stadium,Bengaluru","Apr 30,2019",Rajasthan Royals have won the toss and have opted to field,No result,,RR,field
0.4," Aaron to de Villiers, FOUR, de Villiers is off the mark with a boundary. Streaky but he'll take it. Length delivery that gained some extra bounce, ABD flashes his bat and ends up getting a thick outside edge that beats short third man. Aaron can't believe his luck, got to feel for him ",1st Inns,49t,Royal Challengers Bangalore,Rajasthan Royals,"Royal Challengers Bangalore (Playing XI): Parthiv Patel(w), Virat Kohli(c), AB de Villiers, Heinrich Klaasen, Gurkeerat Singh Mann, Marcus Stoinis, Pawan Negi, Umesh Yadav, Navdeep Saini, Kulwant Khejroliya, Yuzvendra Chahal","Rajasthan Royals (Playing XI): Ajinkya Rahane, Liam Livingstone, Sanju Samson(w), Steven Smith(c), Riyan Parag, Stuart Binny, Mahipal Lomror, Shreyas Gopal, Jaydev Unadkat, Varun Aaron, Oshane Thomas",,,IPL,2019,"M.Chinnaswamy Stadium,Bengaluru","Apr 30,2019",Rajasthan Royals have won the toss and have opted to field,No result,,RR,field
0.3," Aaron to Kohli, 1 run, 113kph, slower ball from Aaron that jagged in sharply at the pads. Kohli calmly tucks it to square leg ",1st Inns,49t,Royal Challengers Bangalore,Rajasthan Royals,"Royal Challengers Bangalore (Playing XI): Parthiv Patel(w), Virat Kohli(c), AB de Villiers, Heinrich Klaasen, Gurkeerat Singh Mann, Marcus Stoinis, Pawan Negi, Umesh Yadav, Navdeep Saini, Kulwant Khejroliya, Yuzvendra Chahal","Rajasthan Royals (Playing XI): Ajinkya Rahane, Liam Livingstone, Sanju Samson(w), Steven Smith(c), Riyan Parag, Stuart Binny, Mahipal Lomror, Shreyas Gopal, Jaydev Unadkat, Varun Aaron, Oshane Thomas",,,IPL,2019,"M.Chinnaswamy Stadium,Bengaluru","Apr 30,2019",Rajasthan Royals have won the toss and have opted to field,No result,,RR,field
0.2," Aaron to Kohli, SIX, six more! Not so convincing this but Kohli won't mind. This was a short of length delivery from Aaron, corrected his length and slightly cramped the batsman for room. Kohli throws his bat hard and skews it off the outer half. Such is the power that it sails over the third man fence for a maximum ",1st Inns,49t,Royal Challengers Bangalore,Rajasthan Royals,"Royal Challengers Bangalore (Playing XI): Parthiv Patel(w), Virat Kohli(c), AB de Villiers, Heinrich Klaasen, Gurkeerat Singh Mann, Marcus Stoinis, Pawan Negi, Umesh Yadav, Navdeep Saini, Kulwant Khejroliya, Yuzvendra Chahal","Rajasthan Royals (Playing XI): Ajinkya Rahane, Liam Livingstone, Sanju Samson(w), Steven Smith(c), Riyan Parag, Stuart Binny, Mahipal Lomror, Shreyas Gopal, Jaydev Unadkat, Varun Aaron, Oshane Thomas",,,IPL,2019,"M.Chinnaswamy Stadium,Bengaluru","Apr 30,2019",Rajasthan Royals have won the toss and have opted to field,No result,,RR,field
0.1,"Aaron to Kohli, SIX, Kohli wasting no time whatsoever. Aaron pitches it right in the slot outside off, Kohli doesn't want any sighters and leans across to dump it into the long-off stands",1st Inns,49t,Royal Challengers Bangalore,Rajasthan Royals,"Royal Challengers Bangalore (Playing XI): Parthiv Patel(w), Virat Kohli(c), AB de Villiers, Heinrich Klaasen, Gurkeerat Singh Mann, Marcus Stoinis, Pawan Negi, Umesh Yadav, Navdeep Saini, Kulwant Khejroliya, Yuzvendra Chahal","Rajasthan Royals (Playing XI): Ajinkya Rahane, Liam Livingstone, Sanju Samson(w), Steven Smith(c), Riyan Parag, Stuart Binny, Mahipal Lomror, Shreyas Gopal, Jaydev Unadkat, Varun Aaron, Oshane Thomas",,,IPL,2019,"M.Chinnaswamy Stadium,Bengaluru","Apr 30,2019",Rajasthan Royals have won the toss and have opted to field,No result,,RR,field
3.2," Chahal to Samson, out Caught by Negi!! This is a big wicket! Chahal strikes. Flat, quick and outside off, Samson had to reach out and he tried to go over extra cover. The ball lobs up off the outside half. Negi settles under it at backward point and gobbles it up. Samson c Negi b Chahal 28(13) [4s-2 6s-3] ",2nd Inns,49t,Royal Challengers Bangalore,Rajasthan Royals,"Royal Challengers Bangalore (Playing XI): Parthiv Patel(w), Virat Kohli(c), AB de Villiers, Heinrich Klaasen, Gurkeerat Singh Mann, Marcus Stoinis, Pawan Negi, Umesh Yadav, Navdeep Saini, Kulwant Khejroliya, Yuzvendra Chahal","Rajasthan Royals (Playing XI): Ajinkya Rahane, Liam Livingstone, Sanju Samson(w), Steven Smith(c), Riyan Parag, Stuart Binny, Mahipal Lomror, Shreyas Gopal, Jaydev Unadkat, Varun Aaron, Oshane Thomas",,,IPL,2019,"M.Chinnaswamy Stadium,Bengaluru","Apr 30,2019",Rajasthan Royals have won the toss and have opted to field,No result,,RR,field
3.1,"Chahal to Livingstone, byes, 1 run, quick leg-break outside off, Livingstone swings hard and misses. It was well outside off. PP misses and the batters nab a run. Nigel Llong strangely doesn't signal a wide",2nd Inns,49t,Royal Challengers Bangalore,Rajasthan Royals,"Royal Challengers Bangalore (Playing XI): Parthiv Patel(w), Virat Kohli(c), AB de Villiers, Heinrich Klaasen, Gurkeerat Singh Mann, Marcus Stoinis, Pawan Negi, Umesh Yadav, Navdeep Saini, Kulwant Khejroliya, Yuzvendra Chahal","Rajasthan Royals (Playing XI): Ajinkya Rahane, Liam Livingstone, Sanju Samson(w), Steven Smith(c), Riyan Parag, Stuart Binny, Mahipal Lomror, Shreyas Gopal, Jaydev Unadkat, Varun Aaron, Oshane Thomas",,,IPL,2019,"M.Chinnaswamy Stadium,Bengaluru","Apr 30,2019",Rajasthan Royals have won the toss and have opted to field,No result,,RR,field
2.6," Khejroliya to Samson, FOUR, edged and four! Away-angler at 136.4kph, Samson throws the kitchen sink and gets a thick outside edge that runs away through the gap between the keeper and short third man ",2nd Inns,49t,Royal Challengers Bangalore,Rajasthan Royals,"Royal Challengers Bangalore (Playing XI): Parthiv Patel(w), Virat Kohli(c), AB de Villiers, Heinrich Klaasen, Gurkeerat Singh Mann, Marcus Stoinis, Pawan Negi, Umesh Yadav, Navdeep Saini, Kulwant Khejroliya, Yuzvendra Chahal","Rajasthan Royals (Playing XI): Ajinkya Rahane, Liam Livingstone, Sanju Samson(w), Steven Smith(c), Riyan Parag, Stuart Binny, Mahipal Lomror, Shreyas Gopal, Jaydev Unadkat, Varun Aaron, Oshane Thomas",,,IPL,2019,"M.Chinnaswamy Stadium,Bengaluru","Apr 30,2019",Rajasthan Royals have won the toss and have opted to field,No result,,RR,field
2.5," Khejroliya to Samson, SIX, much-needed six for RR. Touch fuller from Khejroliya, Samson crouched a bit low, sets the base and smokes it over long-on for half a dozen ",2nd Inns,49t,Royal Challengers Bangalore,Rajasthan Royals,"Royal Challengers Bangalore (Playing XI): Parthiv Patel(w), Virat Kohli(c), AB de Villiers, Heinrich Klaasen, Gurkeerat Singh Mann, Marcus Stoinis, Pawan Negi, Umesh Yadav, Navdeep Saini, Kulwant Khejroliya, Yuzvendra Chahal","Rajasthan Royals (Playing XI): Ajinkya Rahane, Liam Livingstone, Sanju Samson(w), Steven Smith(c), Riyan Parag, Stuart Binny, Mahipal Lomror, Shreyas Gopal, Jaydev Unadkat, Varun Aaron, Oshane Thomas",,,IPL,2019,"M.Chinnaswamy Stadium,Bengaluru","Apr 30,2019",Rajasthan Royals have won the toss and have opted to field,No result,,RR,field
2.4," Khejroliya to Samson, no run, 133.6kph, Khejroliya went wide outside off, Samson drives away from his body and gets beaten. Was it outside the tramline? Touch and go! Khejroliya gets away, though ",2nd Inns,49t,Royal Challengers Bangalore,Rajasthan Royals,"Royal Challengers Bangalore (Playing XI): Parthiv Patel(w), Virat Kohli(c), AB de Villiers, Heinrich Klaasen, Gurkeerat Singh Mann, Marcus Stoinis, Pawan Negi, Umesh Yadav, Navdeep Saini, Kulwant Khejroliya, Yuzvendra Chahal","Rajasthan Royals (Playing XI): Ajinkya Rahane, Liam Livingstone, Sanju Samson(w), Steven Smith(c), Riyan Parag, Stuart Binny, Mahipal Lomror, Shreyas Gopal, Jaydev Unadkat, Varun Aaron, Oshane Thomas",,,IPL,2019,"M.Chinnaswamy Stadium,Bengaluru","Apr 30,2019",Rajasthan Royals have won the toss and have opted to field,No result,,RR,field
2.3," Khejroliya to Livingstone, leg byes, 1 run, premeditated stroke! Moves across a long way towards off to play the scoop. Khejroliya followed him and Livingstone was cramped for room. Doesn't put bat to ball and wears it on his pad ",2nd Inns,49t,Royal Challengers Bangalore,Rajasthan Royals,"Royal Challengers Bangalore (Playing XI): Parthiv Patel(w), Virat Kohli(c), AB de Villiers, Heinrich Klaasen, Gurkeerat Singh Mann, Marcus Stoinis, Pawan Negi, Umesh Yadav, Navdeep Saini, Kulwant Khejroliya, Yuzvendra Chahal","Rajasthan Royals (Playing XI): Ajinkya Rahane, Liam Livingstone, Sanju Samson(w), Steven Smith(c), Riyan Parag, Stuart Binny, Mahipal Lomror, Shreyas Gopal, Jaydev Unadkat, Varun Aaron, Oshane Thomas",,,IPL,2019,"M.Chinnaswamy Stadium,Bengaluru","Apr 30,2019",Rajasthan Royals have won the toss and have opted to field,No result,,RR,field
2.2," Khejroliya to Samson, 1 run, 134.5kph, short of a good length ball outside off, a backing away Samson can only flat-bat it to long-off for a single ",2nd Inns,49t,Royal Challengers Bangalore,Rajasthan Royals,"Royal Challengers Bangalore (Playing XI): Parthiv Patel(w), Virat Kohli(c), AB de Villiers, Heinrich Klaasen, Gurkeerat Singh Mann, Marcus Stoinis, Pawan Negi, Umesh Yadav, Navdeep Saini, Kulwant Khejroliya, Yuzvendra Chahal","Rajasthan Royals (Playing XI): Ajinkya Rahane, Liam Livingstone, Sanju Samson(w), Steven Smith(c), Riyan Parag, Stuart Binny, Mahipal Lomror, Shreyas Gopal, Jaydev Unadkat, Varun Aaron, Oshane Thomas",,,IPL,2019,"M.Chinnaswamy Stadium,Bengaluru","Apr 30,2019",Rajasthan Royals have won the toss and have opted to field,No result,,RR,field
2.1,"Khejroliya to Samson, SIX, two men in the deep (long-on and deep mid-wicket), but all they can do is watch the ball sail over the ropes. A harmless short of length delivery, Samson swings his bat hard and dispatches it over cow corner",2nd Inns,49t,Royal Challengers Bangalore,Rajasthan Royals,"Royal Challengers Bangalore (Playing XI): Parthiv Patel(w), Virat Kohli(c), AB de Villiers, Heinrich Klaasen, Gurkeerat Singh Mann, Marcus Stoinis, Pawan Negi, Umesh Yadav, Navdeep Saini, Kulwant Khejroliya, Yuzvendra Chahal","Rajasthan Royals (Playing XI): Ajinkya Rahane, Liam Livingstone, Sanju Samson(w), Steven Smith(c), Riyan Parag, Stuart Binny, Mahipal Lomror, Shreyas Gopal, Jaydev Unadkat, Varun Aaron, Oshane Thomas",,,IPL,2019,"M.Chinnaswamy Stadium,Bengaluru","Apr 30,2019",Rajasthan Royals have won the toss and have opted to field,No result,,RR,field
1.6," Navdeep Saini to Livingstone, no run, 146.6kph, Saini sees the batter back away and sprays a full ball wide of off. Livingstone had to stretch to reach out for this delivery, connects with thin air. Good comeback from Saini after conceding 10 runs off his first two deliveries ",2nd Inns,49t,Royal Challengers Bangalore,Rajasthan Royals,"Royal Challengers Bangalore (Playing XI): Parthiv Patel(w), Virat Kohli(c), AB de Villiers, Heinrich Klaasen, Gurkeerat Singh Mann, Marcus Stoinis, Pawan Negi, Umesh Yadav, Navdeep Saini, Kulwant Khejroliya, Yuzvendra Chahal","Rajasthan Royals (Playing XI): Ajinkya Rahane, Liam Livingstone, Sanju Samson(w), Steven Smith(c), Riyan Parag, Stuart Binny, Mahipal Lomror, Shreyas Gopal, Jaydev Unadkat, Varun Aaron, Oshane Thomas",,,IPL,2019,"M.Chinnaswamy Stadium,Bengaluru","Apr 30,2019",Rajasthan Royals have won the toss and have opted to field,No result,,RR,field
1.5," Navdeep Saini to Livingstone, no run, change of pace - 112.5kph and Livingstone is early into his heave/pull against this shortened length delivery. The inside edge goes to the keeper on the bounce ",2nd Inns,49t,Royal Challengers Bangalore,Rajasthan Royals,"Royal Challengers Bangalore (Playing XI): Parthiv Patel(w), Virat Kohli(c), AB de Villiers, Heinrich Klaasen, Gurkeerat Singh Mann, Marcus Stoinis, Pawan Negi, Umesh Yadav, Navdeep Saini, Kulwant Khejroliya, Yuzvendra Chahal","Rajasthan Royals (Playing XI): Ajinkya Rahane, Liam Livingstone, Sanju Samson(w), Steven Smith(c), Riyan Parag, Stuart Binny, Mahipal Lomror, Shreyas Gopal, Jaydev Unadkat, Varun Aaron, Oshane Thomas",,,IPL,2019,"M.Chinnaswamy Stadium,Bengaluru","Apr 30,2019",Rajasthan Royals have won the toss and have opted to field,No result,,RR,field
1.4," Navdeep Saini to Samson, 1 run, in-angler and Samson can only inside-edge the hoick to backward square leg ",2nd Inns,49t,Royal Challengers Bangalore,Rajasthan Royals,"Royal Challengers Bangalore (Playing XI): Parthiv Patel(w), Virat Kohli(c), AB de Villiers, Heinrich Klaasen, Gurkeerat Singh Mann, Marcus Stoinis, Pawan Negi, Umesh Yadav, Navdeep Saini, Kulwant Khejroliya, Yuzvendra Chahal","Rajasthan Royals (Playing XI): Ajinkya Rahane, Liam Livingstone, Sanju Samson(w), Steven Smith(c), Riyan Parag, Stuart Binny, Mahipal Lomror, Shreyas Gopal, Jaydev Unadkat, Varun Aaron, Oshane Thomas",,,IPL,2019,"M.Chinnaswamy Stadium,Bengaluru","Apr 30,2019",Rajasthan Royals have won the toss and have opted to field,No result,,RR,field
1.3,"Navdeep Saini to Livingstone, 1 run, 152.8kph, full toss, Livingstone clobbers it through the off-side - off the top part again. Klaasen dived full length to his right at cover-point, but the ball doesn't stick. It'd be harsh to call that a drop. Saved three runs for his team there did the South African",2nd Inns,49t,Royal Challengers Bangalore,Rajasthan Royals,"Royal Challengers Bangalore (Playing XI): Parthiv Patel(w), Virat Kohli(c), AB de Villiers, Heinrich Klaasen, Gurkeerat Singh Mann, Marcus Stoinis, Pawan Negi, Umesh Yadav, Navdeep Saini, Kulwant Khejroliya, Yuzvendra Chahal","Rajasthan Royals (Playing XI): Ajinkya Rahane, Liam Livingstone, Sanju Samson(w), Steven Smith(c), Riyan Parag, Stuart Binny, Mahipal Lomror, Shreyas Gopal, Jaydev Unadkat, Varun Aaron, Oshane Thomas",,,IPL,2019,"M.Chinnaswamy Stadium,Bengaluru","Apr 30,2019",Rajasthan Royals have won the toss and have opted to field,No result,,RR,field
1.2,"Navdeep Saini to Livingstone, SIX, Saini bangs it in short, Livingstone once again cleared his front leg to pummel the pull. Didn't quite middle it, got it off the top part of the bat. But, he swung his bat so ferociously that it went all the way over long-on for a maximum",2nd Inns,49t,Royal Challengers Bangalore,Rajasthan Royals,"Royal Challengers Bangalore (Playing XI): Parthiv Patel(w), Virat Kohli(c), AB de Villiers, Heinrich Klaasen, Gurkeerat Singh Mann, Marcus Stoinis, Pawan Negi, Umesh Yadav, Navdeep Saini, Kulwant Khejroliya, Yuzvendra Chahal","Rajasthan Royals (Playing XI): Ajinkya Rahane, Liam Livingstone, Sanju Samson(w), Steven Smith(c), Riyan Parag, Stuart Binny, Mahipal Lomror, Shreyas Gopal, Jaydev Unadkat, Varun Aaron, Oshane Thomas",,,IPL,2019,"M.Chinnaswamy Stadium,Bengaluru","Apr 30,2019",Rajasthan Royals have won the toss and have opted to field,No result,,RR,field
1.1," Navdeep Saini to Livingstone, FOUR, skiddy and pacy back of a length delivery at 152.4kph, Livingstone sees that coming. Clears his front leg and heaves it hard and over mid-wicket. Couple of bounces and into the fence ",2nd Inns,49t,Royal Challengers Bangalore,Rajasthan Royals,"Royal Challengers Bangalore (Playing XI): Parthiv Patel(w), Virat Kohli(c), AB de Villiers, Heinrich Klaasen, Gurkeerat Singh Mann, Marcus Stoinis, Pawan Negi, Umesh Yadav, Navdeep Saini, Kulwant Khejroliya, Yuzvendra Chahal","Rajasthan Royals (Playing XI): Ajinkya Rahane, Liam Livingstone, Sanju Samson(w), Steven Smith(c), Riyan Parag, Stuart Binny, Mahipal Lomror, Shreyas Gopal, Jaydev Unadkat, Varun Aaron, Oshane Thomas",,,IPL,2019,"M.Chinnaswamy Stadium,Bengaluru","Apr 30,2019",Rajasthan Royals have won the toss and have opted to field,No result,,RR,field
0.6," U Yadav to Samson, no run, 144.5kph, low full toss outside off, Samson opens his bat-face and squeezes it to backward point. Had he placed it a couple of inches either way, it'd have resulted in a boundary. Three dots to end the over ",2nd Inns,49t,Royal Challengers Bangalore,Rajasthan Royals,"Royal Challengers Bangalore (Playing XI): Parthiv Patel(w), Virat Kohli(c), AB de Villiers, Heinrich Klaasen, Gurkeerat Singh Mann, Marcus Stoinis, Pawan Negi, Umesh Yadav, Navdeep Saini, Kulwant Khejroliya, Yuzvendra Chahal","Rajasthan Royals (Playing XI): Ajinkya Rahane, Liam Livingstone, Sanju Samson(w), Steven Smith(c), Riyan Parag, Stuart Binny, Mahipal Lomror, Shreyas Gopal, Jaydev Unadkat, Varun Aaron, Oshane Thomas",,,IPL,2019,"M.Chinnaswamy Stadium,Bengaluru","Apr 30,2019",Rajasthan Royals have won the toss and have opted to field,No result,,RR,field
0.5," U Yadav to Samson, no run, 146.5kph, on a length and Samson hammered it to mid-on. It went quickly to the fielder and hence the batters couldn't nab a run ",2nd Inns,49t,Royal Challengers Bangalore,Rajasthan Royals,"Royal Challengers Bangalore (Playing XI): Parthiv Patel(w), Virat Kohli(c), AB de Villiers, Heinrich Klaasen, Gurkeerat Singh Mann, Marcus Stoinis, Pawan Negi, Umesh Yadav, Navdeep Saini, Kulwant Khejroliya, Yuzvendra Chahal","Rajasthan Royals (Playing XI): Ajinkya Rahane, Liam Livingstone, Sanju Samson(w), Steven Smith(c), Riyan Parag, Stuart Binny, Mahipal Lomror, Shreyas Gopal, Jaydev Unadkat, Varun Aaron, Oshane Thomas",,,IPL,2019,"M.Chinnaswamy Stadium,Bengaluru","Apr 30,2019",Rajasthan Royals have won the toss and have opted to field,No result,,RR,field
0.4," U Yadav to Samson, no run, 140kph, Umesh shortens his length and bowls it wide outside off. Samson swings his bat, doesn't connect ",2nd Inns,49t,Royal Challengers Bangalore,Rajasthan Royals,"Royal Challengers Bangalore (Playing XI): Parthiv Patel(w), Virat Kohli(c), AB de Villiers, Heinrich Klaasen, Gurkeerat Singh Mann, Marcus Stoinis, Pawan Negi, Umesh Yadav, Navdeep Saini, Kulwant Khejroliya, Yuzvendra Chahal","Rajasthan Royals (Playing XI): Ajinkya Rahane, Liam Livingstone, Sanju Samson(w), Steven Smith(c), Riyan Parag, Stuart Binny, Mahipal Lomror, Shreyas Gopal, Jaydev Unadkat, Varun Aaron, Oshane Thomas",,,IPL,2019,"M.Chinnaswamy Stadium,Bengaluru","Apr 30,2019",Rajasthan Royals have won the toss and have opted to field,No result,,RR,field
0.3," U Yadav to Samson, FOUR, poor ball! The line is too straight, ends up bowling the length ball on the pads and that's easy pickings for any batter. Samson helps it on its way with a flick through the gap between short fine and backward square leg ",2nd Inns,49t,Royal Challengers Bangalore,Rajasthan Royals,"Royal Challengers Bangalore (Playing XI): Parthiv Patel(w), Virat Kohli(c), AB de Villiers, Heinrich Klaasen, Gurkeerat Singh Mann, Marcus Stoinis, Pawan Negi, Umesh Yadav, Navdeep Saini, Kulwant Khejroliya, Yuzvendra Chahal","Rajasthan Royals (Playing XI): Ajinkya Rahane, Liam Livingstone, Sanju Samson(w), Steven Smith(c), Riyan Parag, Stuart Binny, Mahipal Lomror, Shreyas Gopal, Jaydev Unadkat, Varun Aaron, Oshane Thomas",,,IPL,2019,"M.Chinnaswamy Stadium,Bengaluru","Apr 30,2019",Rajasthan Royals have won the toss and have opted to field,No result,,RR,field
0.2," U Yadav to Samson, SIX, Samson is underway with a six. Stunning hit! Short of length around off, Samson picked the length early. Stayed in his crease, waited for the ball to come to him and deposited it over deep mid-wicket with a pick-up shot ",2nd Inns,49t,Royal Challengers Bangalore,Rajasthan Royals,"Royal Challengers Bangalore (Playing XI): Parthiv Patel(w), Virat Kohli(c), AB de Villiers, Heinrich Klaasen, Gurkeerat Singh Mann, Marcus Stoinis, Pawan Negi, Umesh Yadav, Navdeep Saini, Kulwant Khejroliya, Yuzvendra Chahal","Rajasthan Royals (Playing XI): Ajinkya Rahane, Liam Livingstone, Sanju Samson(w), Steven Smith(c), Riyan Parag, Stuart Binny, Mahipal Lomror, Shreyas Gopal, Jaydev Unadkat, Varun Aaron, Oshane Thomas",,,IPL,2019,"M.Chinnaswamy Stadium,Bengaluru","Apr 30,2019",Rajasthan Royals have won the toss and have opted to field,No result,,RR,field
0.1," U Yadav to Samson, no run, shortish ball outside off, Samson throws his bat hard at it in an attempt to slash it away. misses. Umesh appeals for a caught-behind, but nothing from the keeper. Clearly no bat ",2nd Inns,49t,Royal Challengers Bangalore,Rajasthan Royals,"Royal Challengers Bangalore (Playing XI): Parthiv Patel(w), Virat Kohli(c), AB de Villiers, Heinrich Klaasen, Gurkeerat Singh Mann, Marcus Stoinis, Pawan Negi, Umesh Yadav, Navdeep Saini, Kulwant Khejroliya, Yuzvendra Chahal","Rajasthan Royals (Playing XI): Ajinkya Rahane, Liam Livingstone, Sanju Samson(w), Steven Smith(c), Riyan Parag, Stuart Binny, Mahipal Lomror, Shreyas Gopal, Jaydev Unadkat, Varun Aaron, Oshane Thomas",,,IPL,2019,"M.Chinnaswamy Stadium,Bengaluru","Apr 30,2019",Rajasthan Royals have won the toss and have opted to field,No result,,RR,field
